first_name,middle_name,last_name,email,employee_type,enrollment_year
Sanders,Arline,Breckell,abreckell1x@fotki.com,Professor,
Zared,,Fenelon,afenelona@themeforest.net,,2021
Ethelin,,Fidele,afidele12@google.ru,Lecturer,
Bibbye,Annabal,Guesford,aguesfordb@tumblr.com,,2018
Xenia,Ardella,Kief,akieft@free.fr,Staff,
Cari,Andriana,Leask,aleask1n@devhub.com,Lecturer,
Duffy,Auberon,Pounder,apounder2h@reuters.com,,2017
Base,,Baybutt,bbaybutty@tmall.com,,2021
Lemmy,Burr,Bradnocke,bbradnockek@nifty.com,Lecturer,
Jenine,Berry,Habberjam,bhabberjam2k@examiner.com,,2021
Sibylle,Bearnard,Lalley,blalley2d@rediff.com,Lecturer,
Reece,Corbett,Caps,ccapsz@telegraph.co.uk,,2019
Barry,Cullin,Elias,celias1k@scribd.com,,2018
Lu,Cinnamon,Flaxman,cflaxman1b@cdbaby.com,Lecturer,
Kerwin,Conrade,Foort,cfoortw@vinaora.com,,2020
Brigida,Cameron,Maclean,cmaclean13@mac.com,,2019
Woodrow,Camile,Moughtin,cmoughtin17@illinois.edu,,2022
Veronika,Cordey,Simeons,csimeons2@microsoft.com,,2021
Quent,,Threadgall,cthreadgall1v@booking.com,,2022
Hobart,Dominic,Croal,dcroalx@purevolume.com,Professor,
Marylin,Darcy,Favey,dfavey2p@mozilla.com,Staff,
Kermit,,Glanders,dglanders15@booking.com,,2022
Ailbert,Danie,Warmisham,dwarmishame@soundcloud.com,Staff,
Avie,Else,Blissitt,eblissitti@youtu.be,,2018
Karon,,Bree,ebree1z@creativecommons.org,Professor,
Dougy,,Burchett,eburchettd@chicagotribune.com,,2022
Maybelle,Esteban,Cella,ecella26@mail.ru,Staff,
Lelah,Ellette,Fulk,efulk1d@discuz.net,Staff,
Courtnay,Elbert,Gillespie,egillespie2m@slideshare.net,,2020
Bank,Elane,Guerola,eguerola29@blogger.com,,2021
Willi,,Kerby,ekerby1p@amazon.com,,2020
Vincenty,Elisabeth,Marousek,emarousek10@huffingtonpost.com,,2020
Charline,Ferd,Hartell,fhartell1@meetup.com,,2020
Vance,,Maffioni,fmaffioni1r@amazon.com,,2020
Dyna,Felic,Rozenzweig,frozenzweig2i@rambler.ru,,2022
Granville,Guinevere,Adolphine,gadolphine11@instagram.com,,2017
Shea,Gail,Bates,gbates1e@alibaba.com,,2018
Gisela,,Blagden,gblagden1q@buzzfeed.com,Professor,
Leann,Gabriellia,Burdas,gburdas1i@indiegogo.com,,2021
Niki,Gardiner,Form,gform18@blogger.com,Staff,
Suki,,Hellyar,ghellyar2a@cornell.edu,Staff,
Tobiah,Gerek,Offield,goffield1u@addthis.com,,2020
Sada,,Stidson,gstidsonp@ebay.com,,2022
Carmine,,Tolman,gtolmanr@slideshare.net,Staff,
Wells,,Yousef,gyousef2r@spotify.com,Professor,
Abbey,Helge,Anyene,hanyene2c@newsvine.com,,2019
Nickolai,Herby,Reddyhoff,hreddyhoff1g@vk.com,,2016
Christie,,Siegertsz,hsiegertsz21@instagram.com,Professor,
Doyle,,Aslin,jaslin24@redcross.org,Lecturer,
Robinett,Jami,Charte,jcharte1y@merriam-webster.com,Staff,
Olwen,,Hedley,jhedley1m@disqus.com,Staff,
Mal,Jermaine,Issett,jissett2e@freewebs.com,,2018
Ira,,Linacre,jlinacreo@webnode.com,,2021
Renae,Jaquith,Plessing,jplessing0@samsung.com,Staff,
Trix,,Pretswell,jpretswell1h@xrea.com,,2022
Winslow,,Scrauniage,jscrauniage28@aol.com,,2017
Lilllie,,Snodin,jsnodin20@princeton.edu,Lecturer,
Dacey,Katuscha,Cranfield,kcranfield1s@nature.com,,2020
Sayers,Karon,McKnish,kmcknishs@reddit.com,Lecturer,
Electra,Krystle,Morfell,kmorfell2g@istockphoto.com,Professor,
Matthieu,Kalle,Slipper,kslipper2f@nytimes.com,Staff,
Nadia,,Trehearn,ktrehearn19@tinyurl.com,Lecturer,
Clim,,Guislin,lguislin2o@chicagotribune.com,Professor,
Emili,Lynnet,Haddinton,lhaddintonn@over-blog.com,,2020
Holli,,Henstridge,lhenstridgeh@sogou.com,Lecturer,
Meghan,,Kleinschmidt,lkleinschmidtl@squarespace.com,Lecturer,
Genni,,Purbrick,lpurbrick25@canalblog.com,Professor,
Bonny,,Scheffel,lscheffel7@taobao.com,Professor,
Mendie,,Tennick,ltennick3@aboutads.info,Staff,
Travis,Melba,Colbourne,mcolbourne2j@mapquest.com,,2017
Karole,,Inkin,minkinc@google.de,Staff,
Lynett,Myrwyn,Ionesco,mionesco2n@moonfruit.com,,2020
Kahaleel,Meg,Penzer,mpenzer14@dailymail.co.uk,Professor,
Rozelle,,Vigar,mvigar8@vistaprint.com,,2018
Darrin,Mario,Wynrahame,mwynrahamem@admin.ch,Professor,
Carey,Maudie,Wyrall,mwyrallj@scientificamerican.com,Staff,
Jacky,Nydia,Bolles,nbolles23@ucoz.ru,Staff,
Francene,,MacNeely,nmacneely22@cpanel.net,Lecturer,
Levey,Ottilie,Tomlins,otomlins27@icq.com,,2020
Esra,Richard,Coghlin,rcoghlinv@qq.com,,2019
Fredek,Raddie,Goudie,rgoudie5@blogs.com,,2022
Bamby,Rubetta,Mabbs,rmabbs4@xing.com,Lecturer,
Ari,Rheta,Sellek,rsellek6@oakley.com,Lecturer,
Carroll,,Venables,rvenablesu@friendfeed.com,,2019
Meridel,Rawley,Willatts,rwillatts1t@si.edu,,2022
Kearney,Selie,Gino,sgino1l@bluehost.com,,2016
Bettina,Sonya,Higgonet,shiggonet2b@163.com,Lecturer,
Jany,Sherry,Johl,sjohlg@soundcloud.com,Professor,
Pattie,,Lyles,slyles1j@amazon.de,Staff,
Kristin,,Malacrida,smalacrida1w@economist.com,Staff,
Yehudi,Sile,McColley,smccolleyq@amazon.com,Staff,
Drona,,McKinie,smckinie1a@springer.com,,2018
Duncan,Shellie,Sillars,ssillars2l@unicef.org,Professor,
Sterne,Sasha,Spooner,sspooner1f@wordpress.org,,2020
Nonna,,Gillanders,tgillanders9@example.com,,2021
Norry,,Rubinchik,trubinchik16@howstuffworks.com,,2016
Doug,,Medforth,vmedforth1o@homestead.com,Staff,
Gerty,,O'Donegan,vodoneganf@clickbank.net,,2020
Anabelle,Wallas,Quimby,wquimby1c@nba.com,,2022
Sasha,Win,Ruffli,wruffli2q@wordpress.com,Lecturer,